instance_name,source_kind,source_path,graph_type,n,repetition,seed,initial_cost,best_cost,reference_cost,relative_error_percent,time_ms,iterations,accepted_moves,improved_moves,best_tour
asym_n6_01,generated,data/generated/asym_n6_01.txt,asymmetric,6,1,18345,1073,798,798,0.000000,21.206250,200000,31356,2,3 0 4 5 2 1
asym_n6_01,generated,data/generated/asym_n6_01.txt,asymmetric,6,2,18346,1073,798,798,0.000000,21.729750,200000,31206,2,5 2 1 3 0 4
asym_n6_01,generated,data/generated/asym_n6_01.txt,asymmetric,6,3,18347,1073,798,798,0.000000,23.088625,200000,31893,3,2 1 3 0 4 5
asym_n6_01,generated,data/generated/asym_n6_01.txt,asymmetric,6,4,18348,1073,798,798,0.000000,19.286542,200000,31199,2,0 4 5 2 1 3
asym_n6_01,generated,data/generated/asym_n6_01.txt,asymmetric,6,5,18349,1073,798,798,0.000000,17.474417,200000,31754,2,0 4 5 2 1 3
asym_n6_02,generated,data/generated/asym_n6_02.txt,asymmetric,6,1,18345,2925,2778,2778,0.000000,17.310625,200000,46210,1,5 3 2 4 1 0
asym_n6_02,generated,data/generated/asym_n6_02.txt,asymmetric,6,2,18346,2925,2778,2778,0.000000,17.233125,200000,43916,2,0 5 3 2 4 1
asym_n6_02,generated,data/generated/asym_n6_02.txt,asymmetric,6,3,18347,2925,2778,2778,0.000000,17.235375,200000,46583,2,5 3 2 4 1 0
asym_n6_02,generated,data/generated/asym_n6_02.txt,asymmetric,6,4,18348,2925,2778,2778,0.000000,17.165416,200000,44327,3,5 3 2 4 1 0
asym_n6_02,generated,data/generated/asym_n6_02.txt,asymmetric,6,5,18349,2925,2778,2778,0.000000,17.300958,200000,45923,1,5 3 2 4 1 0
asym_n6_03,generated,data/generated/asym_n6_03.txt,asymmetric,6,1,18345,960,960,960,0.000000,17.051375,200000,29760,0,1 3 2 5 0 4
asym_n6_03,generated,data/generated/asym_n6_03.txt,asymmetric,6,2,18346,960,960,960,0.000000,16.943792,200000,29593,0,1 3 2 5 0 4
asym_n6_03,generated,data/generated/asym_n6_03.txt,asymmetric,6,3,18347,960,960,960,0.000000,16.980500,200000,29179,0,1 3 2 5 0 4
asym_n6_03,generated,data/generated/asym_n6_03.txt,asymmetric,6,4,18348,960,960,960,0.000000,17.087500,200000,29486,0,1 3 2 5 0 4
asym_n6_03,generated,data/generated/asym_n6_03.txt,asymmetric,6,5,18349,960,960,960,0.000000,17.734834,200000,29386,0,1 3 2 5 0 4
sym_n6_01,generated,data/generated/sym_n6_01.txt,symmetric,6,1,18345,1374,1273,1273,0.000000,17.526042,200000,71393,1,4 5 0 3 1 2
sym_n6_01,generated,data/generated/sym_n6_01.txt,symmetric,6,2,18346,1374,1273,1273,0.000000,17.344833,200000,71147,1,2 4 5 0 3 1
sym_n6_01,generated,data/generated/sym_n6_01.txt,symmetric,6,3,18347,1374,1273,1273,0.000000,17.318333,200000,71352,1,0 5 4 2 1 3
sym_n6_01,generated,data/generated/sym_n6_01.txt,symmetric,6,4,18348,1374,1273,1273,0.000000,17.220084,200000,71465,1,0 3 1 2 4 5
sym_n6_01,generated,data/generated/sym_n6_01.txt,symmetric,6,5,18349,1374,1273,1273,0.000000,17.146750,200000,71028,1,1 3 0 5 4 2
sym_n6_02,generated,data/generated/sym_n6_02.txt,symmetric,6,1,18345,1809,1809,1809,0.000000,17.346958,200000,74462,0,0 4 3 2 5 1
sym_n6_02,generated,data/generated/sym_n6_02.txt,symmetric,6,2,18346,1809,1809,1809,0.000000,17.293792,200000,74367,0,0 4 3 2 5 1
sym_n6_02,generated,data/generated/sym_n6_02.txt,symmetric,6,3,18347,1809,1809,1809,0.000000,17.384250,200000,74520,0,0 4 3 2 5 1
sym_n6_02,generated,data/generated/sym_n6_02.txt,symmetric,6,4,18348,1809,1809,1809,0.000000,17.391166,200000,74721,0,0 4 3 2 5 1
sym_n6_02,generated,data/generated/sym_n6_02.txt,symmetric,6,5,18349,1809,1809,1809,0.000000,17.255667,200000,74270,0,0 4 3 2 5 1
sym_n6_03,generated,data/generated/sym_n6_03.txt,symmetric,6,1,18345,2776,2583,2583,0.000000,17.329834,200000,81742,1,5 1 4 0 3 2
sym_n6_03,generated,data/generated/sym_n6_03.txt,symmetric,6,2,18346,2776,2583,2583,0.000000,17.088000,200000,81385,1,3 2 5 1 4 0
sym_n6_03,generated,data/generated/sym_n6_03.txt,symmetric,6,3,18347,2776,2583,2583,0.000000,17.155667,200000,81772,1,2 5 1 4 0 3
sym_n6_03,generated,data/generated/sym_n6_03.txt,symmetric,6,4,18348,2776,2583,2583,0.000000,17.135708,200000,81984,1,0 3 2 5 1 4
sym_n6_03,generated,data/generated/sym_n6_03.txt,symmetric,6,5,18349,2776,2583,2583,0.000000,17.347166,200000,81677,2,2 3 0 4 1 5
asym_n7_01,generated,data/generated/asym_n7_01.txt,asymmetric,7,1,19345,940,940,940,0.000000,15.974084,200000,33382,0,1 3 4 0 5 6 2
asym_n7_01,generated,data/generated/asym_n7_01.txt,asymmetric,7,2,19346,940,940,940,0.000000,16.101083,200000,33892,0,1 3 4 0 5 6 2
asym_n7_01,generated,data/generated/asym_n7_01.txt,asymmetric,7,3,19347,940,940,940,0.000000,15.978542,200000,33187,0,1 3 4 0 5 6 2
asym_n7_01,generated,data/generated/asym_n7_01.txt,asymmetric,7,4,19348,940,940,940,0.000000,16.109375,200000,33714,0,1 3 4 0 5 6 2
asym_n7_01,generated,data/generated/asym_n7_01.txt,asymmetric,7,5,19349,940,940,940,0.000000,15.887000,200000,32908,0,1 3 4 0 5 6 2
asym_n7_02,generated,data/generated/asym_n7_02.txt,asymmetric,7,1,19345,1669,1669,1669,0.000000,16.062625,200000,33049,0,5 6 0 3 4 1 2
asym_n7_02,generated,data/generated/asym_n7_02.txt,asymmetric,7,2,19346,1669,1669,1669,0.000000,16.390417,200000,32437,0,5 6 0 3 4 1 2
asym_n7_02,generated,data/generated/asym_n7_02.txt,asymmetric,7,3,19347,1669,1669,1669,0.000000,16.658375,200000,33130,0,5 6 0 3 4 1 2
asym_n7_02,generated,data/generated/asym_n7_02.txt,asymmetric,7,4,19348,1669,1669,1669,0.000000,16.624959,200000,32584,0,5 6 0 3 4 1 2
asym_n7_02,generated,data/generated/asym_n7_02.txt,asymmetric,7,5,19349,1669,1669,1669,0.000000,16.580125,200000,32413,0,5 6 0 3 4 1 2
asym_n7_03,generated,data/generated/asym_n7_03.txt,asymmetric,7,1,19345,1049,1049,1049,0.000000,16.563459,200000,30301,0,0 6 2 4 3 5 1
asym_n7_03,generated,data/generated/asym_n7_03.txt,asymmetric,7,2,19346,1049,1049,1049,0.000000,16.669916,200000,30464,0,0 6 2 4 3 5 1
asym_n7_03,generated,data/generated/asym_n7_03.txt,asymmetric,7,3,19347,1049,1049,1049,0.000000,16.414083,200000,30108,0,0 6 2 4 3 5 1
asym_n7_03,generated,data/generated/asym_n7_03.txt,asymmetric,7,4,19348,1049,1049,1049,0.000000,15.796416,200000,30217,0,0 6 2 4 3 5 1
asym_n7_03,generated,data/generated/asym_n7_03.txt,asymmetric,7,5,19349,1049,1049,1049,0.000000,15.860541,200000,30125,0,0 6 2 4 3 5 1
sym_n7_01,generated,data/generated/sym_n7_01.txt,symmetric,7,1,19345,1795,1795,1795,0.000000,15.710708,200000,66415,0,2 0 4 6 5 1 3
sym_n7_01,generated,data/generated/sym_n7_01.txt,symmetric,7,2,19346,1795,1795,1795,0.000000,15.841958,200000,67059,0,2 0 4 6 5 1 3
sym_n7_01,generated,data/generated/sym_n7_01.txt,symmetric,7,3,19347,1795,1795,1795,0.000000,15.850792,200000,66629,0,2 0 4 6 5 1 3
sym_n7_01,generated,data/generated/sym_n7_01.txt,symmetric,7,4,19348,1795,1795,1795,0.000000,15.905375,200000,66813,0,2 0 4 6 5 1 3
sym_n7_01,generated,data/generated/sym_n7_01.txt,symmetric,7,5,19349,1795,1795,1795,0.000000,15.961792,200000,66830,0,2 0 4 6 5 1 3
sym_n7_02,generated,data/generated/sym_n7_02.txt,symmetric,7,1,19345,2037,1886,1886,0.000000,15.788000,200000,61417,1,1 2 6 4 3 0 5
sym_n7_02,generated,data/generated/sym_n7_02.txt,symmetric,7,2,19346,2037,1886,1886,0.000000,15.820209,200000,61544,1,3 4 6 2 1 5 0
sym_n7_02,generated,data/generated/sym_n7_02.txt,symmetric,7,3,19347,2037,1886,1886,0.000000,15.687417,200000,61517,1,5 1 2 6 4 3 0
sym_n7_02,generated,data/generated/sym_n7_02.txt,symmetric,7,4,19348,2037,1886,1886,0.000000,15.776791,200000,61130,1,1 2 6 4 3 0 5
sym_n7_02,generated,data/generated/sym_n7_02.txt,symmetric,7,5,19349,2037,1886,1886,0.000000,15.669833,200000,61148,1,5 1 2 6 4 3 0
sym_n7_03,generated,data/generated/sym_n7_03.txt,symmetric,7,1,19345,2306,2306,2306,0.000000,15.614292,200000,73068,0,1 3 4 5 0 2 6
sym_n7_03,generated,data/generated/sym_n7_03.txt,symmetric,7,2,19346,2306,2306,2306,0.000000,15.873792,200000,72954,0,1 3 4 5 0 2 6
sym_n7_03,generated,data/generated/sym_n7_03.txt,symmetric,7,3,19347,2306,2306,2306,0.000000,15.806292,200000,73302,0,1 3 4 5 0 2 6
sym_n7_03,generated,data/generated/sym_n7_03.txt,symmetric,7,4,19348,2306,2306,2306,0.000000,15.919333,200000,72604,0,1 3 4 5 0 2 6
sym_n7_03,generated,data/generated/sym_n7_03.txt,symmetric,7,5,19349,2306,2306,2306,0.000000,15.907000,200000,72967,0,1 3 4 5 0 2 6
asym_n8_01,generated,data/generated/asym_n8_01.txt,asymmetric,8,1,20345,1699,1699,1699,0.000000,14.968000,200000,28502,0,6 7 2 0 1 5 3 4
asym_n8_01,generated,data/generated/asym_n8_01.txt,asymmetric,8,2,20346,1699,1699,1699,0.000000,14.999083,200000,27842,0,6 7 2 0 1 5 3 4
asym_n8_01,generated,data/generated/asym_n8_01.txt,asymmetric,8,3,20347,1699,1699,1699,0.000000,14.877458,200000,27771,0,6 7 2 0 1 5 3 4
asym_n8_01,generated,data/generated/asym_n8_01.txt,asymmetric,8,4,20348,1699,1699,1699,0.000000,14.938916,200000,27822,0,6 7 2 0 1 5 3 4
asym_n8_01,generated,data/generated/asym_n8_01.txt,asymmetric,8,5,20349,1699,1699,1699,0.000000,15.071500,200000,29153,0,6 7 2 0 1 5 3 4
asym_n8_02,generated,data/generated/asym_n8_02.txt,asymmetric,8,1,20345,1584,1584,1584,0.000000,14.959584,200000,29856,0,5 6 2 3 1 4 0 7
asym_n8_02,generated,data/generated/asym_n8_02.txt,asymmetric,8,2,20346,1584,1584,1584,0.000000,14.892666,200000,30109,0,5 6 2 3 1 4 0 7
asym_n8_02,generated,data/generated/asym_n8_02.txt,asymmetric,8,3,20347,1584,1584,1584,0.000000,14.683791,200000,30126,0,5 6 2 3 1 4 0 7
asym_n8_02,generated,data/generated/asym_n8_02.txt,asymmetric,8,4,20348,1584,1584,1584,0.000000,14.938208,200000,29939,0,5 6 2 3 1 4 0 7
asym_n8_02,generated,data/generated/asym_n8_02.txt,asymmetric,8,5,20349,1584,1584,1584,0.000000,14.972166,200000,30016,0,5 6 2 3 1 4 0 7
asym_n8_03,generated,data/generated/asym_n8_03.txt,asymmetric,8,1,20345,1156,1156,1156,0.000000,15.027750,200000,29153,0,5 2 7 1 6 3 0 4
asym_n8_03,generated,data/generated/asym_n8_03.txt,asymmetric,8,2,20346,1156,1156,1156,0.000000,15.032959,200000,29035,0,5 2 7 1 6 3 0 4
asym_n8_03,generated,data/generated/asym_n8_03.txt,asymmetric,8,3,20347,1156,1156,1156,0.000000,14.876583,200000,29337,0,5 2 7 1 6 3 0 4
asym_n8_03,generated,data/generated/asym_n8_03.txt,asymmetric,8,4,20348,1156,1156,1156,0.000000,14.986791,200000,29474,0,5 2 7 1 6 3 0 4
asym_n8_03,generated,data/generated/asym_n8_03.txt,asymmetric,8,5,20349,1156,1156,1156,0.000000,14.984500,200000,29099,0,5 2 7 1 6 3 0 4
sym_n8_01,generated,data/generated/sym_n8_01.txt,symmetric,8,1,20345,3071,2890,2890,0.000000,15.273542,200000,62701,3,6 4 3 0 7 2 5 1
sym_n8_01,generated,data/generated/sym_n8_01.txt,symmetric,8,2,20346,3071,2890,2890,0.000000,15.464834,200000,62571,3,7 0 3 4 6 1 5 2
sym_n8_01,generated,data/generated/sym_n8_01.txt,symmetric,8,3,20347,3071,2890,2890,0.000000,14.966292,200000,62421,2,4 3 0 7 2 5 1 6
sym_n8_01,generated,data/generated/sym_n8_01.txt,symmetric,8,4,20348,3071,2890,2890,0.000000,15.139167,200000,62519,2,3 4 6 1 5 2 7 0
sym_n8_01,generated,data/generated/sym_n8_01.txt,symmetric,8,5,20349,3071,2890,2890,0.000000,15.168791,200000,62170,3,2 5 1 6 4 3 0 7
sym_n8_02,generated,data/generated/sym_n8_02.txt,symmetric,8,1,20345,2083,2010,2010,0.000000,15.023875,200000,59929,1,2 1 4 7 3 0 6 5
sym_n8_02,generated,data/generated/sym_n8_02.txt,symmetric,8,2,20346,2083,2010,2010,0.000000,15.042792,200000,60159,1,4 1 2 5 6 0 3 7
sym_n8_02,generated,data/generated/sym_n8_02.txt,symmetric,8,3,20347,2083,2010,2010,0.000000,15.020083,200000,59913,1,5 2 1 4 7 3 0 6
sym_n8_02,generated,data/generated/sym_n8_02.txt,symmetric,8,4,20348,2083,2010,2010,0.000000,15.088333,200000,59920,1,2 1 4 7 3 0 6 5
sym_n8_02,generated,data/generated/sym_n8_02.txt,symmetric,8,5,20349,2083,2010,2010,0.000000,15.027792,200000,59752,1,7 4 1 2 5 6 0 3
sym_n8_03,generated,data/generated/sym_n8_03.txt,symmetric,8,1,20345,1699,1625,1625,0.000000,14.935458,200000,60267,1,1 4 0 6 3 2 7 5
sym_n8_03,generated,data/generated/sym_n8_03.txt,symmetric,8,2,20346,1699,1625,1625,0.000000,14.935958,200000,60403,2,1 4 0 6 3 2 7 5
sym_n8_03,generated,data/generated/sym_n8_03.txt,symmetric,8,3,20347,1699,1625,1625,0.000000,14.862458,200000,60190,1,3 2 7 5 1 4 0 6
sym_n8_03,generated,data/generated/sym_n8_03.txt,symmetric,8,4,20348,1699,1625,1625,0.000000,14.781542,200000,60107,2,2 7 5 1 4 0 6 3
sym_n8_03,generated,data/generated/sym_n8_03.txt,symmetric,8,5,20349,1699,1625,1625,0.000000,14.914791,200000,60090,1,2 3 6 0 4 1 5 7
asym_n9_01,generated,data/generated/asym_n9_01.txt,asymmetric,9,1,21345,1477,1182,1182,0.000000,20.537500,200000,29901,5,8 6 4 7 0 3 5 1 2
asym_n9_01,generated,data/generated/asym_n9_01.txt,asymmetric,9,2,21346,1477,1182,1182,0.000000,20.343750,200000,29953,2,6 4 7 0 3 5 1 2 8
asym_n9_01,generated,data/generated/asym_n9_01.txt,asymmetric,9,3,21347,1477,1182,1182,0.000000,20.409791,200000,30127,4,8 6 4 7 0 3 5 1 2
asym_n9_01,generated,data/generated/asym_n9_01.txt,asymmetric,9,4,21348,1477,1182,1182,0.000000,20.443084,200000,29616,4,7 0 3 5 1 2 8 6 4
asym_n9_01,generated,data/generated/asym_n9_01.txt,asymmetric,9,5,21349,1477,1182,1182,0.000000,20.436000,200000,29944,5,4 7 0 3 5 1 2 8 6
asym_n9_02,generated,data/generated/asym_n9_02.txt,asymmetric,9,1,21345,1943,1749,1749,0.000000,20.574375,200000,31739,2,3 7 8 1 0 4 6 5 2
asym_n9_02,generated,data/generated/asym_n9_02.txt,asymmetric,9,2,21346,1943,1749,1749,0.000000,20.696334,200000,31331,2,6 5 2 3 7 8 1 0 4
asym_n9_02,generated,data/generated/asym_n9_02.txt,asymmetric,9,3,21347,1943,1749,1749,0.000000,20.674833,200000,32074,2,5 2 3 7 8 1 0 4 6
asym_n9_02,generated,data/generated/asym_n9_02.txt,asymmetric,9,4,21348,1943,1749,1749,0.000000,20.691917,200000,31777,1,1 0 4 6 5 2 3 7 8
asym_n9_02,generated,data/generated/asym_n9_02.txt,asymmetric,9,5,21349,1943,1749,1749,0.000000,20.828208,200000,31403,2,5 2 3 7 8 1 0 4 6
asym_n9_03,generated,data/generated/asym_n9_03.txt,asymmetric,9,1,21345,1818,1720,1720,0.000000,20.603375,200000,28029,1,6 4 0 3 7 2 8 1 5
asym_n9_03,generated,data/generated/asym_n9_03.txt,asymmetric,9,2,21346,1818,1720,1720,0.000000,20.458333,200000,27712,1,2 8 1 5 6 4 0 3 7
asym_n9_03,generated,data/generated/asym_n9_03.txt,asymmetric,9,3,21347,1818,1720,1720,0.000000,20.553917,200000,27733,2,6 4 0 3 7 2 8 1 5
asym_n9_03,generated,data/generated/asym_n9_03.txt,asymmetric,9,4,21348,1818,1720,1720,0.000000,20.725750,200000,27837,1,4 0 3 7 2 8 1 5 6
asym_n9_03,generated,data/generated/asym_n9_03.txt,asymmetric,9,5,21349,1818,1720,1720,0.000000,20.558833,200000,27656,1,0 3 7 2 8 1 5 6 4
sym_n9_01,generated,data/generated/sym_n9_01.txt,symmetric,9,1,21345,2303,2248,2248,0.000000,20.671708,200000,56742,2,2 5 8 6 0 4 1 3 7
sym_n9_01,generated,data/generated/sym_n9_01.txt,symmetric,9,2,21346,2303,2248,2248,0.000000,20.649167,200000,56703,1,5 8 6 0 4 1 3 7 2
sym_n9_01,generated,data/generated/sym_n9_01.txt,symmetric,9,3,21347,2303,2248,2248,0.000000,20.804917,200000,56568,2,3 1 4 0 6 8 5 2 7
sym_n9_01,generated,data/generated/sym_n9_01.txt,symmetric,9,4,21348,2303,2248,2248,0.000000,20.710208,200000,56479,2,3 7 2 5 8 6 0 4 1
sym_n9_01,generated,data/generated/sym_n9_01.txt,symmetric,9,5,21349,2303,2248,2248,0.000000,20.594584,200000,56463,1,2 7 3 1 4 0 6 8 5
sym_n9_02,generated,data/generated/sym_n9_02.txt,symmetric,9,1,21345,1635,1358,1358,0.000000,20.487792,200000,56111,3,4 0 3 5 1 7 2 8 6
sym_n9_02,generated,data/generated/sym_n9_02.txt,symmetric,9,2,21346,1635,1358,1358,0.000000,20.755084,200000,56293,2,6 8 2 7 1 5 3 0 4
sym_n9_02,generated,data/generated/sym_n9_02.txt,symmetric,9,3,21347,1635,1358,1358,0.000000,20.556417,200000,55889,2,1 5 3 0 4 6 8 2 7
sym_n9_02,generated,data/generated/sym_n9_02.txt,symmetric,9,4,21348,1635,1358,1358,0.000000,20.704250,200000,55981,5,3 0 4 6 8 2 7 1 5
sym_n9_02,generated,data/generated/sym_n9_02.txt,symmetric,9,5,21349,1635,1358,1358,0.000000,21.213042,200000,55294,4,4 0 3 5 1 7 2 8 6
sym_n9_03,generated,data/generated/sym_n9_03.txt,symmetric,9,1,21345,1883,1832,1832,0.000000,21.549167,200000,60331,2,1 3 2 8 4 5 6 7 0
sym_n9_03,generated,data/generated/sym_n9_03.txt,symmetric,9,2,21346,1883,1832,1832,0.000000,20.950375,200000,60338,2,4 5 6 7 0 1 3 2 8
sym_n9_03,generated,data/generated/sym_n9_03.txt,symmetric,9,3,21347,1883,1832,1832,0.000000,20.847791,200000,60035,2,4 8 2 3 1 0 7 6 5
sym_n9_03,generated,data/generated/sym_n9_03.txt,symmetric,9,4,21348,1883,1832,1832,0.000000,20.792625,200000,60071,3,7 0 1 3 2 8 4 5 6
sym_n9_03,generated,data/generated/sym_n9_03.txt,symmetric,9,5,21349,1883,1832,1832,0.000000,20.800083,200000,60035,2,5 4 8 2 3 1 0 7 6
asym_n10_01,generated,data/generated/asym_n10_01.txt,asymmetric,10,1,22345,1860,1860,1860,0.000000,19.481542,200000,29358,0,4 7 0 5 9 2 1 6 8 3
asym_n10_01,generated,data/generated/asym_n10_01.txt,asymmetric,10,2,22346,1860,1860,1860,0.000000,19.449167,200000,28807,0,4 7 0 5 9 2 1 6 8 3
asym_n10_01,generated,data/generated/asym_n10_01.txt,asymmetric,10,3,22347,1860,1860,1860,0.000000,19.342708,200000,29226,0,4 7 0 5 9 2 1 6 8 3
asym_n10_01,generated,data/generated/asym_n10_01.txt,asymmetric,10,4,22348,1860,1860,1860,0.000000,19.289750,200000,29636,0,4 7 0 5 9 2 1 6 8 3
asym_n10_01,generated,data/generated/asym_n10_01.txt,asymmetric,10,5,22349,1860,1860,1860,0.000000,19.429209,200000,28908,0,4 7 0 5 9 2 1 6 8 3
asym_n10_02,generated,data/generated/asym_n10_02.txt,asymmetric,10,1,22345,1898,1898,1898,0.000000,19.473750,200000,26441,0,6 9 0 2 5 8 3 7 4 1
asym_n10_02,generated,data/generated/asym_n10_02.txt,asymmetric,10,2,22346,1898,1898,1898,0.000000,19.417667,200000,26193,0,6 9 0 2 5 8 3 7 4 1
asym_n10_02,generated,data/generated/asym_n10_02.txt,asymmetric,10,3,22347,1898,1898,1898,0.000000,19.479625,200000,26565,0,6 9 0 2 5 8 3 7 4 1
asym_n10_02,generated,data/generated/asym_n10_02.txt,asymmetric,10,4,22348,1898,1898,1898,0.000000,19.287625,200000,26540,0,6 9 0 2 5 8 3 7 4 1
asym_n10_02,generated,data/generated/asym_n10_02.txt,asymmetric,10,5,22349,1898,1898,1898,0.000000,19.297833,200000,26412,0,6 9 0 2 5 8 3 7 4 1
asym_n10_03,generated,data/generated/asym_n10_03.txt,asymmetric,10,1,22345,1575,1503,1503,0.000000,19.641958,200000,31628,2,0 4 8 7 6 2 9 1 5 3
asym_n10_03,generated,data/generated/asym_n10_03.txt,asymmetric,10,2,22346,1575,1503,1503,0.000000,19.867667,200000,31603,1,2 9 1 5 3 0 4 8 7 6
asym_n10_03,generated,data/generated/asym_n10_03.txt,asymmetric,10,3,22347,1575,1503,1503,0.000000,20.304750,200000,31884,1,1 5 3 0 4 8 7 6 2 9
asym_n10_03,generated,data/generated/asym_n10_03.txt,asymmetric,10,4,22348,1575,1503,1503,0.000000,21.102334,200000,32198,1,2 9 1 5 3 0 4 8 7 6
asym_n10_03,generated,data/generated/asym_n10_03.txt,asymmetric,10,5,22349,1575,1503,1503,0.000000,20.287958,200000,31742,1,5 3 0 4 8 7 6 2 9 1
sym_n10_01,generated,data/generated/sym_n10_01.txt,symmetric,10,1,22345,1422,1422,1422,0.000000,19.773208,200000,50024,0,5 7 8 9 2 1 0 3 6 4
sym_n10_01,generated,data/generated/sym_n10_01.txt,symmetric,10,2,22346,1422,1422,1422,0.000000,19.885042,200000,50227,0,5 7 8 9 2 1 0 3 6 4
sym_n10_01,generated,data/generated/sym_n10_01.txt,symmetric,10,3,22347,1422,1422,1422,0.000000,19.898834,200000,50143,0,5 7 8 9 2 1 0 3 6 4
sym_n10_01,generated,data/generated/sym_n10_01.txt,symmetric,10,4,22348,1422,1422,1422,0.000000,19.501666,200000,50102,0,5 7 8 9 2 1 0 3 6 4
sym_n10_01,generated,data/generated/sym_n10_01.txt,symmetric,10,5,22349,1422,1422,1422,0.000000,19.605291,200000,49957,0,5 7 8 9 2 1 0 3 6 4
sym_n10_02,generated,data/generated/sym_n10_02.txt,symmetric,10,1,22345,2365,2365,2365,0.000000,20.318500,200000,50351,0,4 0 1 8 9 7 3 5 2 6
sym_n10_02,generated,data/generated/sym_n10_02.txt,symmetric,10,2,22346,2365,2365,2365,0.000000,19.531417,200000,50199,0,4 0 1 8 9 7 3 5 2 6
sym_n10_02,generated,data/generated/sym_n10_02.txt,symmetric,10,3,22347,2365,2365,2365,0.000000,19.617167,200000,50291,0,4 0 1 8 9 7 3 5 2 6
sym_n10_02,generated,data/generated/sym_n10_02.txt,symmetric,10,4,22348,2365,2365,2365,0.000000,19.558542,200000,50518,0,4 0 1 8 9 7 3 5 2 6
sym_n10_02,generated,data/generated/sym_n10_02.txt,symmetric,10,5,22349,2365,2365,2365,0.000000,19.619000,200000,50305,0,4 0 1 8 9 7 3 5 2 6
sym_n10_03,generated,data/generated/sym_n10_03.txt,symmetric,10,1,22345,1793,1770,1770,0.000000,19.768916,200000,52841,1,9 0 5 2 8 3 6 1 7 4
sym_n10_03,generated,data/generated/sym_n10_03.txt,symmetric,10,2,22346,1793,1770,1770,0.000000,19.548000,200000,52560,1,0 9 4 7 1 6 3 8 2 5
sym_n10_03,generated,data/generated/sym_n10_03.txt,symmetric,10,3,22347,1793,1770,1770,0.000000,19.811042,200000,52736,2,5 2 8 3 6 1 7 4 9 0
sym_n10_03,generated,data/generated/sym_n10_03.txt,symmetric,10,4,22348,1793,1770,1770,0.000000,19.763417,200000,53125,1,6 1 7 4 9 0 5 2 8 3
sym_n10_03,generated,data/generated/sym_n10_03.txt,symmetric,10,5,22349,1793,1770,1770,0.000000,19.747750,200000,52397,2,8 3 6 1 7 4 9 0 5 2
