instance,kind,source,type,edge_weight_type,dimension,repetition,seed,best_length,opt_length,gap_percent,elapsed_ms,generations,improvements,population_size,crossover_rate,mutation_rate,local_search_rate
burma14,SYM,TSPLIB,TSP,GEO,14,0,1041227049348777562,3323,3323,0.000000,68.260,220,0,90,0.920,0.340,0.350
burma14,SYM,TSPLIB,TSP,GEO,14,1,1041227049347809439,3323,3323,0.000000,73.590,220,0,90,0.920,0.340,0.350
burma14,SYM,TSPLIB,TSP,GEO,14,2,1041227049346581200,3323,3323,0.000000,66.651,220,0,90,0.920,0.340,0.350
ulysses22,SYM,TSPLIB,TSP,GEO,22,0,603505428106256904,7013,7013,0.000000,208.519,220,0,90,0.920,0.340,0.350
ulysses22,SYM,TSPLIB,TSP,GEO,22,1,603505428107289805,7013,7013,0.000000,143.867,220,0,90,0.920,0.340,0.350
ulysses22,SYM,TSPLIB,TSP,GEO,22,2,603505428108256898,7013,7013,0.000000,142.878,220,0,90,0.920,0.340,0.350
berlin52,SYM,TSPLIB,TSP,EUC_2D,52,0,15197160209807454283,7542,7542,0.000000,295.688,222,1,90,0.920,0.340,0.350
berlin52,SYM,TSPLIB,TSP,EUC_2D,52,1,15197160209808619150,7542,7542,0.000000,206.650,221,1,90,0.920,0.340,0.350
berlin52,SYM,TSPLIB,TSP,EUC_2D,52,2,15197160209809454273,7542,7542,0.000000,150.979,221,1,90,0.920,0.340,0.350
eil76,SYM,TSPLIB,TSP,EUC_2D,76,0,15320210674217546183,538,538,0.000000,304.413,249,3,90,0.920,0.340,0.350
eil76,SYM,TSPLIB,TSP,EUC_2D,76,1,15320210674218678018,538,538,0.000000,517.392,238,6,90,0.920,0.340,0.350
eil76,SYM,TSPLIB,TSP,EUC_2D,76,2,15320210674215351629,538,538,0.000000,293.274,236,2,90,0.920,0.340,0.350
kroA100,SYM,TSPLIB,TSP,EUC_2D,100,0,10011958684559308475,21282,21282,0.000000,434.551,231,6,90,0.920,0.340,0.350
kroA100,SYM,TSPLIB,TSP,EUC_2D,100,1,10011958684560306302,21282,21282,0.000000,473.679,248,7,90,0.920,0.340,0.350
kroA100,SYM,TSPLIB,TSP,EUC_2D,100,2,10011958684561306161,21282,21282,0.000000,1483.214,252,4,90,0.920,0.340,0.350
ch130,SYM,TSPLIB,TSP,EUC_2D,130,0,13536430946593844534,6160,6110,0.818331,1594.693,274,12,90,0.920,0.340,0.350
ch130,SYM,TSPLIB,TSP,EUC_2D,130,1,13536430946592844787,6128,6110,0.294599,910.641,269,11,90,0.920,0.340,0.350
ch130,SYM,TSPLIB,TSP,EUC_2D,130,2,13536430946596039100,6128,6110,0.294599,629.079,244,8,90,0.920,0.340,0.350
rat195,SYM,TSPLIB,TSP,EUC_2D,195,0,376783617786791568,2337,2323,0.602669,1419.863,250,12,90,0.920,0.340,0.350
rat195,SYM,TSPLIB,TSP,EUC_2D,195,1,376783617785823317,2334,2323,0.473526,3009.327,503,12,90,0.920,0.340,0.350
rat195,SYM,TSPLIB,TSP,EUC_2D,195,2,376783617788789274,2328,2323,0.215239,2200.836,429,13,90,0.920,0.340,0.350
a280,SYM,TSPLIB,TSP,EUC_2D,280,0,985688254389249116,2579,2579,0.000000,3009.484,233,13,90,0.920,0.340,0.350
a280,SYM,TSPLIB,TSP,EUC_2D,280,1,985688254390248089,2579,2579,0.000000,3038.320,80,14,90,0.920,0.340,0.350
a280,SYM,TSPLIB,TSP,EUC_2D,280,2,985688254387314902,2583,2579,0.155099,3002.976,73,17,90,0.920,0.340,0.350
pcb442,SYM,TSPLIB,TSP,EUC_2D,442,0,16238088531391482894,51677,50778,1.770452,3007.500,43,17,90,0.920,0.340,0.350
pcb442,SYM,TSPLIB,TSP,EUC_2D,442,1,16238088531392514763,51570,50778,1.559731,3005.051,125,22,90,0.920,0.340,0.350
pcb442,SYM,TSPLIB,TSP,EUC_2D,442,2,16238088531389286532,51365,50778,1.156012,3007.781,110,31,90,0.920,0.340,0.350
att532,SYM,TSPLIB,TSP,ATT,532,0,15309475343181082,28345,27686,2.380264,3021.149,70,27,90,0.920,0.340,0.350
att532,SYM,TSPLIB,TSP,ATT,532,1,15309475344212959,28052,27686,1.321968,3000.536,83,31,90,0.920,0.340,0.350
att532,SYM,TSPLIB,TSP,ATT,532,2,15309475345179024,28311,27686,2.257459,3029.466,60,17,90,0.920,0.340,0.350
rat783,SYM,TSPLIB,TSP,EUC_2D,783,0,17275455113178401810,9144,8806,3.838292,3023.284,38,16,90,0.920,0.340,0.350
rat783,SYM,TSPLIB,TSP,EUC_2D,783,1,17275455113177434839,9124,8806,3.611174,3095.601,43,18,90,0.920,0.340,0.350
rat783,SYM,TSPLIB,TSP,EUC_2D,783,2,17275455113176467608,9166,8806,4.088122,3043.613,41,13,90,0.920,0.340,0.350
pr1002,SYM,TSPLIB,TSP,EUC_2D,1002,0,13179468774379914583,271651,259045,4.866336,3045.488,21,11,90,0.920,0.340,0.350
pr1002,SYM,TSPLIB,TSP,EUC_2D,1002,1,13179468774381011858,270437,259045,4.397692,3023.572,30,17,90,0.920,0.340,0.350
pr1002,SYM,TSPLIB,TSP,EUC_2D,1002,2,13179468774382109149,272524,259045,5.203343,3170.575,31,13,90,0.920,0.340,0.350
pr2392,SYM,TSPLIB,TSP,EUC_2D,2392,0,7184743551286890819,413671,378032,9.427509,3170.784,14,10,90,0.920,0.340,0.350
pr2392,SYM,TSPLIB,TSP,EUC_2D,2392,1,7184743551285729158,416177,378032,10.090416,3159.352,17,11,90,0.920,0.340,0.350
pr2392,SYM,TSPLIB,TSP,EUC_2D,2392,2,7184743551284630985,412920,378032,9.228848,3070.933,17,12,90,0.920,0.340,0.350
ftv33,ASYM,TSPLIB_ATSP,ATSP,EXPLICIT,34,0,7902449022721417860,1340,1286,4.199067,364.154,237,5,90,0.920,0.340,0.350
ftv33,ASYM,TSPLIB_ATSP,ATSP,EXPLICIT,34,1,7902449022720320577,1355,1286,5.365474,539.887,262,8,90,0.920,0.340,0.350
ftv33,ASYM,TSPLIB_ATSP,ATSP,EXPLICIT,34,2,7902449022719485454,1390,1286,8.087092,396.100,234,5,90,0.920,0.340,0.350
ft53,ASYM,TSPLIB_ATSP,ATSP,EXPLICIT,53,0,10475771889921135359,7482,6905,8.356264,712.636,265,14,90,0.920,0.340,0.350
ft53,ASYM,TSPLIB_ATSP,ATSP,EXPLICIT,53,1,10475771889922102330,7263,6905,5.184649,1010.397,256,18,90,0.920,0.340,0.350
ft53,ASYM,TSPLIB_ATSP,ATSP,EXPLICIT,53,2,10475771889923331701,7564,6905,9.543809,681.207,361,11,90,0.920,0.340,0.350
ftv70,ASYM,TSPLIB_ATSP,ATSP,EXPLICIT,71,0,7368820102420387546,2129,1950,9.179487,848.790,240,6,90,0.920,0.340,0.350
ftv70,ASYM,TSPLIB_ATSP,ATSP,EXPLICIT,71,1,7368820102421516319,2104,1950,7.897436,1074.162,234,8,90,0.920,0.340,0.350
ftv70,ASYM,TSPLIB_ATSP,ATSP,EXPLICIT,71,2,7368820102422385232,2092,1950,7.282051,1025.530,241,8,90,0.920,0.340,0.350
kro124p,ASYM,TSPLIB_ATSP,ATSP,EXPLICIT,100,0,4280652453259100529,39002,36230,7.651118,1399.105,263,19,90,0.920,0.340,0.350
kro124p,ASYM,TSPLIB_ATSP,ATSP,EXPLICIT,100,1,4280652453260036020,38963,36230,7.543472,2504.362,266,20,90,0.920,0.340,0.350
kro124p,ASYM,TSPLIB_ATSP,ATSP,EXPLICIT,100,2,4280652453257102843,38801,36230,7.096329,2551.448,350,28,90,0.920,0.340,0.350
rbg323,ASYM,TSPLIB_ATSP,ATSP,EXPLICIT,323,0,14055910813023164505,1450,1326,9.351433,3144.946,45,17,90,0.920,0.340,0.350
rbg323,ASYM,TSPLIB_ATSP,ATSP,EXPLICIT,323,1,14055910813022068380,1499,1326,13.046757,3063.978,31,10,90,0.920,0.340,0.350
rbg323,ASYM,TSPLIB_ATSP,ATSP,EXPLICIT,323,2,14055910813025426643,1502,1326,13.273002,3002.726,34,11,90,0.920,0.340,0.350
xqf131,VLSI,Waterloo_VLSI,TSP,EUC_2D,131,0,10897442009592000136,564,564,0.000000,904.131,240,6,90,0.920,0.340,0.350
xqf131,VLSI,Waterloo_VLSI,TSP,EUC_2D,131,1,10897442009593129037,565,564,0.177305,1378.432,456,8,90,0.920,0.340,0.350
xqf131,VLSI,Waterloo_VLSI,TSP,EUC_2D,131,2,10897442009589803522,574,564,1.773050,990.620,300,5,90,0.920,0.340,0.350
xqg237,VLSI,Waterloo_VLSI,TSP,EUC_2D,237,0,7473758041634545793,1025,1019,0.588813,2912.804,434,20,90,0.920,0.340,0.350
xqg237,VLSI,Waterloo_VLSI,TSP,EUC_2D,237,1,7473758041633547844,1020,1019,0.098135,3006.756,383,13,90,0.920,0.340,0.350
xqg237,VLSI,Waterloo_VLSI,TSP,EUC_2D,237,2,7473758041636742155,1020,1019,0.098135,2902.458,330,12,90,0.920,0.340,0.350
pma343,VLSI,Waterloo_VLSI,TSP,EUC_2D,343,0,9677460383725127783,1379,1368,0.804094,3006.884,195,20,90,0.920,0.340,0.350
pma343,VLSI,Waterloo_VLSI,TSP,EUC_2D,343,1,9677460383724195490,1371,1368,0.219298,3004.951,261,23,90,0.920,0.340,0.350
pma343,VLSI,Waterloo_VLSI,TSP,EUC_2D,343,2,9677460383727127789,1374,1368,0.438596,3002.502,175,14,90,0.920,0.340,0.350
pka379,VLSI,Waterloo_VLSI,TSP,EUC_2D,379,0,9215414194207893237,1337,1332,0.375375,3000.796,193,27,90,0.920,0.340,0.350
pka379,VLSI,Waterloo_VLSI,TSP,EUC_2D,379,1,9215414194206892080,1336,1332,0.300300,3000.880,205,33,90,0.920,0.340,0.350
pka379,VLSI,Waterloo_VLSI,TSP,EUC_2D,379,2,9215414194209825407,1341,1332,0.675676,3033.700,129,29,90,0.920,0.340,0.350
bcl380,VLSI,Waterloo_VLSI,TSP,EUC_2D,380,0,8097124237495263760,1630,1621,0.555213,3005.857,152,13,90,0.920,0.340,0.350
bcl380,VLSI,Waterloo_VLSI,TSP,EUC_2D,380,1,8097124237494297813,1626,1621,0.308452,3002.237,145,24,90,0.920,0.340,0.350
bcl380,VLSI,Waterloo_VLSI,TSP,EUC_2D,380,2,8097124237497525914,1630,1621,0.555213,3017.504,247,10,90,0.920,0.340,0.350
xql662,VLSI,Waterloo_VLSI,TSP,EUC_2D,662,0,12458123624762979352,2579,2513,2.626343,3011.087,47,18,90,0.920,0.340,0.350
xql662,VLSI,Waterloo_VLSI,TSP,EUC_2D,662,1,12458123624764142301,2616,2513,4.098687,3159.732,45,13,90,0.920,0.340,0.350
xql662,VLSI,Waterloo_VLSI,TSP,EUC_2D,662,2,12458123624760782994,2596,2513,3.302825,3028.262,38,12,90,0.920,0.340,0.350
lim963,VLSI,Waterloo_VLSI,TSP,EUC_2D,963,0,17387575537536512530,2934,2789,5.198996,3075.131,31,12,90,0.920,0.340,0.350
lim963,VLSI,Waterloo_VLSI,TSP,EUC_2D,963,1,17387575537537610967,2952,2789,5.844389,3072.997,28,11,90,0.920,0.340,0.350
lim963,VLSI,Waterloo_VLSI,TSP,EUC_2D,963,2,17387575537534252696,2920,2789,4.697024,3036.317,35,19,90,0.920,0.340,0.350
dka1376,VLSI,Waterloo_VLSI,TSP,EUC_2D,1376,0,12645652969828319564,4995,4666,7.051007,3101.728,15,7,90,0.920,0.340,0.350
dka1376,VLSI,Waterloo_VLSI,TSP,EUC_2D,1376,1,12645652969827256201,4912,4666,5.272182,3008.480,19,10,90,0.920,0.340,0.350
dka1376,VLSI,Waterloo_VLSI,TSP,EUC_2D,1376,2,12645652969826125254,4978,4666,6.686670,3081.931,16,9,90,0.920,0.340,0.350
djc1785,VLSI,Waterloo_VLSI,TSP,EUC_2D,1785,0,2386467851548169367,6718,6115,9.860998,3253.581,15,6,90,0.920,0.340,0.350
djc1785,VLSI,Waterloo_VLSI,TSP,EUC_2D,1785,1,2386467851549200978,6616,6115,8.192968,3055.308,16,8,90,0.920,0.340,0.350
djc1785,VLSI,Waterloo_VLSI,TSP,EUC_2D,1785,2,2386467851545972765,6626,6115,8.356500,3168.789,18,10,90,0.920,0.340,0.350
xpr2308,VLSI,Waterloo_VLSI,TSP,EUC_2D,2308,0,12656641529505319398,7920,7219,9.710486,3050.936,13,7,90,0.920,0.340,0.350
xpr2308,VLSI,Waterloo_VLSI,TSP,EUC_2D,2308,1,12656641529504255779,7821,7219,8.339105,3162.375,12,9,90,0.920,0.340,0.350
xpr2308,VLSI,Waterloo_VLSI,TSP,EUC_2D,2308,2,12656641529507319148,7865,7219,8.948608,3415.817,10,6,90,0.920,0.340,0.350
